{
  "generated_at": "2026-07-06T01:50:19+00:00",
  "hypothesis": "Topic-aware scheduling raises accuracy on new mixed-topic questions at equal study time, versus the same app with the feature off and versus plain Anki.",
  "primary_metric": "mean expected held-out accuracy on new mixed-topic items",
  "config": {
    "seeds": 20,
    "base_seed": 100,
    "n_topics": 12,
    "cards_per_topic": 20,
    "heldout_per_topic": 20,
    "days": 12,
    "daily_budget": 30,
    "bootstrap_iters": 5000,
    "equal_total_reviews": [
      360
    ]
  },
  "arms": {
    "full": {
      "mean": 0.9752194683407962,
      "ci95": [
        0.9719348498423906,
        0.9786486844065229
      ],
      "values": [
        0.9653426365352837,
        0.9687857522221099,
        0.9876024713287358,
        0.9778059472141187,
        0.9729278234578541,
        0.9851711549791607,
        0.970777170907971,
        0.9785264037754907,
        0.9840633380329068,
        0.9747139920478531,
        0.9781962564913441,
        0.9729286553039267,
        0.9876546233412121,
        0.9718307537598964,
        0.980787754671289,
        0.9726912709891201,
        0.9819802311184649,
        0.9610491149005672,
        0.9700531604661767,
        0.9615008552724443
      ],
      "mean_weak_reps": 206.15,
      "mean_strong_reps": 153.85
    },
    "ablation": {
      "mean": 0.9542633518678239,
      "ci95": [
        0.9452783751952328,
        0.9629724736251069
      ],
      "values": [
        0.9229875415644017,
        0.967761549515541,
        0.9214818245468791,
        0.9742648309405872,
        0.9557751767767404,
        0.9720363047496398,
        0.9238816524417679,
        0.9471210551659711,
        0.9531152356216209,
        0.9214783586246585,
        0.9664795166820107,
        0.9700809781586409,
        0.9518314699283478,
        0.9754449412035641,
        0.9741625333881591,
        0.9808826057287116,
        0.9688542362801956,
        0.9298775318226201,
        0.9340487050270068,
        0.9737009891894127
      ],
      "mean_weak_reps": 179.05,
      "mean_strong_reps": 180.95
    },
    "plain": {
      "mean": 0.9528272582282712,
      "ci95": [
        0.9435227092714842,
        0.961056239935995
      ],
      "values": [
        0.9239722053337118,
        0.9292233352940337,
        0.949052930950374,
        0.9650389675827794,
        0.9696138893600873,
        0.9617641559803695,
        0.9528391509297497,
        0.9483770264175311,
        0.968672303825111,
        0.964267344233734,
        0.8990371620652146,
        0.9672756075577212,
        0.9696446227632577,
        0.9837445363361311,
        0.928977601590185,
        0.9413668739008659,
        0.9468089021922266,
        0.9734411664871385,
        0.9659677518390605,
        0.9474596299261425
      ],
      "mean_weak_reps": 176.1,
      "mean_strong_reps": 183.9
    }
  },
  "delta_full_vs_ablation": {
    "mean": 0.020956116472972464,
    "ci95": [
      0.011960746175862735,
      0.030394071037975295
    ]
  },
  "delta_full_vs_plain": {
    "mean": 0.022392210112525058,
    "ci95": [
      0.013217170916106108,
      0.032105692457481565
    ]
  }
}
